time,global_demand,local_supply,temperature,prosumer_1_production,prosumer_1_consumption,prosumer_1_battery_level,prosumer_1_nrgcoin_balance,prosumer_2_production,prosumer_2_consumption,prosumer_2_battery_level,prosumer_2_nrgcoin_balance,prosumer_3_production,prosumer_3_consumption,prosumer_3_battery_level,prosumer_3_nrgcoin_balance,prosumer_4_production,prosumer_4_consumption,prosumer_4_battery_level,prosumer_4_nrgcoin_balance,prosumer_5_production,prosumer_5_consumption,prosumer_5_battery_level,prosumer_5_nrgcoin_balance,consumer_1_consumption,consumer_2_consumption,consumer_3_consumption,consumer_4_consumption,consumer_5_consumption,consumer_6_consumption,consumer_7_consumption,consumer_8_consumption,consumer_9_consumption,consumer_10_consumption
00:00,0.9582028050488793,0.0,0.0,0.0,0.14193415856728017,0.0,0,0.0,0.037875975823382285,0.0,0,0.0,0.07159164822829123,0.0,0,0.0,0.06658109429342604,0.0,0,0.0,0.03959749379150358,0.0,0,0.03420415696912036,0.03926809877225758,0.061782841824107426,0.06959470932827916,0.041476783693548354,0.03187106490259408,0.06729218536631229,0.054247336074006,0.04933359322891618,0.1515516641858546
00:10,0.9754275211487219,0.0,0.0,0.0,0.14492699921644223,0.0,0,0.0,0.038737969329953506,0.0,0,0.0,0.0732588850988099,0.0,0,0.0,0.06778804478410104,0.0,0,0.0,0.04065848301977799,0.0,0,0.034811656888266214,0.03992145479310796,0.06265128440151536,0.07100911122643036,0.042546893429414666,0.03248922360438123,0.06878698735689383,0.055135336364192884,0.04995567558618802,0.15274951604924683
00:20,0.9922825317491322,0.0,0.0,0.0,0.14787501974426118,0.0,0,0.0,0.03958971634203787,0.0,0,0.0,0.07490695767514871,0.0,0,0.0,0.06897155748507541,0.0,0,0.0,0.04171658752304454,0.0,0,0.03540618215366869,0.04055684864456424,0.06348832334146882,0.07240478007248592,0.04361259641004476,0.03309690084062848,0.07026845500830277,0.055995504730515684,0.05055093425681974,0.15384216752106514
00:30,1.0087392035244345,0.0,0.0,0.0,0.15077301730783402,0.0,0,0.0,0.04042974076901709,0.0,0,0.0,0.07653294528601717,0.0,0,0.0,0.07012982886367197,0.0,0,0.0,0.04277023769592513,0.0,0,0.035986770666585524,0.04117315178739183,0.06429243677302024,0.07377956601260119,0.04467227368616266,0.03369310173737316,0.07173437826116338,0.05682610066441255,0.05111829655762403,0.1548273574556346
00:40,1.024769361420103,0.0,0.0,0.0,0.1536158038700779,0.0,0,0.0,0.041256568081025555,0.0,0,0.0,0.07813392743222904,0.0,0,0.0,0.07126109124692395,0.0,0,0.0,0.043817850757516,0.0,0,0.03655247801369386,0.041769267029857574,0.06506215530909604,0.07513132670322349,0.04572429049331555,0.03427683959530427,0.073182537325067,0.057625425971791495,0.05165673962119789,0.1557030599697834
00:50,1.0403453819085238,0.0,0.0,0.0,0.15639822251041488,0.0,0,0.0,0.04206873033116711,0.0,0,0.0,0.0797069939067754,0.0,0,0.0,0.07236361884326258,0.0,0,0.0,0.04485783653905541,0.0,0,0.03710238050301356,0.04234413264228384,0.06579606690372898,0.07645793366408811,0.046767001531716326,0.03484713885992279,0.07461070880690332,0.05839183071026714,0.05216529383078452,0.1564674923251399
01:00,1.0554402862263474,0.0,0.2725933896874535,0.0,0.1591151639782692,0.0,0,0.0,0.04286477127838051,0.0,0,0.0,0.08124925513109854,0.0,0,0.0,0.07343573374462192,0.0,0,0.0,0.045888603495503395,0.0,0,0.0376355781818746,0.042896726426157224,0.06649282158010462,0.0777572787330681,0.0477987564444921,0.035403038113374384,0.07601667200591566,0.05912371903566495,0.052643046109085344,0.15711912196873684
01:10,1.0700278332139803,0.0,0.2725933896874535,0.0,0.16176158342188865,0.0,0,0.0,0.04364325158974354,0.0,0,0.0,0.08275785266365751,0.0,0,0.0,0.07447581188542894,0.0,0,0.0,0.04690856491846938,0.0,0,0.03815119782463583,0.04342606972013294,0.06715113600937975,0.07902728059970152,0.04881790547450166,0.035943593076790924,0.07739821535512134,0.059819554929752425,0.05308914304667918,0.15765667269809644
01:20,1.0840826113724746,0.0,0.2725933896874535,0.0,0.16433251722273945,0.0,0,0.0,0.044402754100096475,0.0,0,0.0,0.08422996983490481,0.0,0,0.0,0.07548228893467815,0.0,0,0.0,0.04791614532607734,0.0,0,0.0386483958777856,0.043931231325299726,0.06776979792073548,0.0802658913933139,0.04982280527837434,0.036467879611747966,0.0787531429875667,0.06047786778137301,0.05350279385634922,0.15807912992143228
01:30,1.0975801297496428,0.0,0.2725933896874535,0.0,0.16682309986382324,0.0,0,0.0,0.04514188910606526,0.0,0,0.0,0.08566284246105907,0.0,0,0.0,0.07645366609712285,0.0,0,0.0,0.04890978700360035,0.0,0,0.03912636135003518,0.04441133133218809,0.06834767032373913,0.08147110330084224,0.05081182487499323,0.03697499670926694,0.08007928140478919,0.06109725779354631,0.053883273140333005,0.1583857449882387
01:40,1.1104969072656905,0.0,0.2725933896874535,0.0,0.16922858075873443,0.0,0,0.0,0.04585929967088307,0.0,0,0.0,0.08705376958757427,0.0,0,0.0,0.07738851579954308,0.0,0,0.0,0.04988795666704248,0.0,0,0.039584318635053385,0.04486554483221228,0.06888369552479845,0.08264095518875997,0.051783351704310955,0.037464069454666814,0.08137448622383754,0.061676401189655825,0.05422992345829542,0.15857603857032238
01:50,1.122810560089091,0.0,0.2725933896874535,0.0,0.17154434096713733,0.0,0,0.0,0.046553666915849376,0.0,0,0.0,0.08840012421198923,0.0,0,0.0,0.07828548723808318,0.0,0,0.0,0.05084915222030826,0.0,0,0.04002153025458661,0.0452931054965365,0.06937689892030284,0.08377353920290283,0.05273579777115285,0.037934251956499646,0.08263664897827055,0.062214055192573656,0.054542157684670384,0.1586498030782277
02:00,1.1344998866758045,0.0,1.0717967697244912,0.0,0.1737659097216069,0.0,0,0.0,0.04722371527383683,0.0,0,0.0,0.08969936393490305,0.0,0,0.0,0.07914331176278343,0.0,0,0.0,0.0517919095751918,0.0,0,0.04043729950986218,0.045693309005744864,0.06982639254994766,0.08486700731951027,0.05366760584754552,0.03838473022778925,0.08386370394771528,0.06270906275146318,0.05481946114492346,0.158607104102981
02:10,1.1455449500892931,0.0,1.0717967697244912,0.0,0.17588898069045653,0.0,0,0.0,0.04786821767996005,0.0,0,0.0,0.09094904148717223,0.0,0,0.0,0.0799608080756633,0.0,0,0.0,0.0527148095021504,0.0,0,0.040830973029384585,0.046065516314171065,0.07023137839472718,0.08591957782043187,0.05457725570611224,0.038814725007832944,0.08505363498982708,0.06316035699205728,0.055061393521244895,0.15844828087810126
02:20,1.1559271572251026,0.0,1.0717967697244912,0.0,0.17790942790127406,0.0,0,0.0,0.04848600067436314,0.0,0,0.0,0.09214681508107653,0.0,0,0.0,0.08073688721905094,0.0,0,0.0,0.05361648447871457,0.0,0,0.04120194320150299,0.04640915673330533,0.07059115140515398,0.08692954166520334,0.05546327035621479,0.039223494512922334,0.08620448234786209,0.06356696536741913,0.055267590519188524,0.15817394576185093
02:30,1.1656293345720699,0.0,1.0717967697244912,0.0,0.1798233212504184,0.0,0,0.0,0.04907594939206595,0.0,0,0.0,0.09329045853315508,0.0,0,0.0,0.08147055733128744,0.0,0,0.0,0.05449562550143506,0.0,0,0.04154965048045456,0.04672373081933913,0.0709051022464101,0.0878952687325818,0.0563242222537972,0.039610337104491494,0.08731434940655182,0.06392801348755384,0.055437765287817964,0.15778498274471017
02:40,1.1746358001523745,0.0,1.0717967697244912,0.0,0.18162694152468312,0.0,0,0.0,0.04963701241493433,0.0,0,0.0,0.09437787110667864,0.0,0,0.0,0.08216092814747158,0.0,0,0.0,0.05535098882649131,0.0,0,0.04187358555496893,0.0470088130506293,0.07117271974834954,0.08881521390414095,0.0571587394553122,0.03997459386340728,0.08838140936856789,0.06424272860774065,0.05557170958700293,0.15728254499199598
02:50,1.1829324312947607,0.0,1.0717967697244912,0.0,0.18331679486271765,0.0,0,0.0,0.050168206461109775,0.0,0,0.0,0.09540708702230105,0.0,0,0.0,0.08280721522354342,0.0,0,0.0,0.05618140260349031,0.0,0,0.04217329136895541,0.04726405428165743,0.07139359304954987,0.08968792296267315,0.05796551168568816,0.040315651059378316,0.08940391182358236,0.06451044275708888,0.055669294696618236,0.15666805143640666
03:00,1.1905067279091328,0.0,2.3431457505076203,0.0,0.184889626585606,0.0,0,0.0,0.05066862088764618,0.0,0,0.0,0.09637628458632053,0.0,0,0.0,0.08340874386273718,0.0,0,0.0,0.05698577336657919,0.0,0,0.04244836498428205,0.04748918396092402,0.07156741342593934,0.09051203827842105,0.058743296290031645,0.04063294250477315,0.09038018918177487,0.06473059549057773,0.05573047206352888,0.15594318243999106
03:10,1.19734787094641,0.0,2.3431457505076203,0.0,0.186342434328225,0.0,0,0.0,0.05113742198265685,0.0,0,0.0,0.09728379488717884,0.0,0,0.0,0.08396495272425683,0.0,0,0.0,0.05776309234678575,0.0,0,0.04269845927619626,0.04768401210114377,0.07169397579590195,0.09128630425657494,0.05949092403866119,0.04092595178250413,0.09130866294361341,0.0649027362497058,0.055755273683392476,0.1551098745496129
03:20,1.203446775744867,0.0,2.3431457505076203,0.0,0.18767248040563522,0.0,0,0.0,0.05157385702397045,0.0,0,0.0,0.09812811001232859,0.0,0,0.0,0.08447539709494584,0.0,0,0.0,0.05851244156949194,0.0,0,0.042923284452523545,0.04784843099109342,0.07177317989517423,0.09200957252001615,0.0602073047551352,0.04119421433804983,0.09218784977783971,0.06502652631884281,0.05574381221546432,0.15417031437435577
03:30,1.208796139983162,0.0,2.3431457505076203,0.0,0.18887730335178046,0.0,0,0.0,0.051977258082127054,0.0,0,0.0,0.09890789073939729,0.0,0,0.0,0.08493975180572834,0.0,0,0.0,0.05923299970114288,0.0,0,0.04312260938841654,0.04798241663950103,0.07180503111628726,0.09268080680196643,0.06089143273717328,0.04143731942615191,0.09301636737983515,0.06510174036642724,0.055696280829749256,0.15312693161747784
03:40,1.2133904859807074,0.0,2.3431457505076203,0.0,0.18995472857116946,0.0,0,0.0,0.052347045546510644,0.0,0,0.0,0.09962197365766474,0.0,0,0.0,0.08535781377568993,0.0,0,0.0,0.05992404760969804,0.0,0,0.043296262769104504,0.04808602994244877,0.07178964100876747,0.0932990875240138,0.061542391940777076,0.04165491190323275,0.09379294008291816,0.06512826756227755,0.05561295278699607,0.15198239129943822
03:50,1.2172261971079203,0.0,2.3431457505076203,0.0,0.1909028780479722,0.0,0,0.0,0.05268273135450804,0.0,0,0.0,0.10026937767823399,0.0,0,0.0,0.08572950416784161,0.0,0,0.0,0.06058497360394513,0.0,0,0.04344413403381398,0.048159417566883946,0.07172722743777936,0.09386361603592536,0.062159360898434934,0.041846693857132376,0.09451640419564045,0.06510611226446714,0.05549418075317353,0.15073958521216818
04:00,1.2203015480920585,0.0,4.0,0.0,0.19172017906105351,0.0,0,0.0,0.05298392190479902,0.0,0,0.0,0.10084930989390267,0.0,0,0.0,0.0860548701418629,0.0,0,0.0,0.06121527831762048,0.0,0,0.043566174114788796,0.048202812543989504,0.07161811440036506,0.09437371849472516,0.06274161734304078,0.04201242606636578,0.09518571303880055,0.06503539427143895,0.055340395851191576,0.14940162264811388
04:10,1.2226167290287717,0.0,4.0,0.0,0.19240537185787318,0.0,0,0.0,0.053250320637212474,0.0,0,0.0,0.10136117075261784,0.0,0,0.0,0.08633408619044906,0.0,0,0.0,0.061814579205310125,0.0,0,0.043662395966131286,0.048216534567346564,0.07146273149990079,0.09482884936170416,0.06328854251007342,0.04215192928182304,0.09579994165668144,0.0649163486372898,0.05515210645373384,0.14797182045062454
04:20,1.2241738629356944,0.0,4.0,0.0,0.19295751624487148,0.0,0,0.0,0.05348173026302086,0.0,0,0.0,0.10180455851149976,0.0,0,0.0,0.08656745504728605,0.0,0,0.0,0.06238261461834225,0.0,0,0.04373287487801176,0.048200989992024074,0.07126161308083905,0.09522859449733825,0.0637996250916604,0.04226508532531924,0.09635829117794233,0.06474932505042295,0.05492989672214036,0.14645369243497575
04:30,1.2249770167173049,0.0,4.0,0.0,0.1933759970569043,0.0,0,0.0,0.05367805463108148,0.0,0,0.0,0.10217927294174049,0.0,0,0.0,0.08675540815614154,0.0,0,0.0,0.06291924743031904,0.0,0,0.04377774857264649,0.048156671531944896,0.07101539702723211,0.09557267383551253,0.0642744648173904,0.04235183800669449,0.09686009280265036,0.0645347867780328,0.05467442489731959,0.14485093823169434
04:40,1.2250322054848857,0.0,4.0,0.0,0.1936605284734698,0.0,0,0.0,0.053839300216858996,0.0,0,0.0,0.10248531825818638,0.0,0,0.0,0.08689850569208832,0.0,0,0.0,0.0634244681835684,0.0,0,0.0437972170793236,0.04808415765409767,0.07072482322992424,0.09586094361997785,0.06471277563813166,0.042412193909461014,0.09730481139312437,0.0642733091811348,0.05438642134966784,0.14316743160587064
04:50,1.224347390510052,0.0,4.0,0.0,0.1938111571548336,0.0,0,0.0,0.05396557722307033,0.0,0,0.0,0.10272290525109894,0.0,0,0.0,0.08699743612745929,0.0,0,0.0,0.06389839772961967,0.0,0,0.04379154238666334,0.04798411166938569,0.07039073172865491,0.09609339818759949,0.06511438849065612,0.04244622340263242,0.09769204864757368,0.0639655778070704,0.054066686395930874,0.14140720830780334
05:00,1.2229324728851743,0.0,5.929447639179834,0.0,0.19382826417669471,0.0,0,0.0,0.05405710028246878,0.0,0,0.0,0.10289245260150985,0.0,0,0.0,0.08705301533676955,0.0,0,0.0,0.06434128933881075,0.0,0,0.043761047871296296,0.04785728052111498,0.0700140605366217,0.09627017128467898,0.06547925362255273,0.04245406400365601,0.09802154583695034,0.06361238606858596,0.053716087891849604,0.13957445351161388
05:10,1.220799294037256,0.0,5.929447639179834,0.0,0.19371256574768883,0.0,0,0.0,0.054114188755120654,0.0,0,0.0,0.10299458736733753,0.0,0,0.0,0.08706618523652258,0.0,0,0.0,0.06475353025631085,0.0,0,0.043706117503838564,0.04770449327332588,0.06959584315630331,0.09639153690444531,0.06580744245872928,0.04243593726028436,0.09829318608698108,0.06321463252069341,0.05333555861028737,0.1376734888993869
05:20,1.217961695276021,0.0,5.929447639179834,0.0,0.19346511269977815,0.0,0,0.0,0.0541372666144112,0.0,0,0.0,0.10303014465853427,0.0,0,0.0,0.08703801195754099,0.0,0,0.0,0.06513564268418258,0.0,0,0.043627194840507866,0.04752665930235285,0.06913720579653618,0.09645790963570043,0.06609914899274327,0.04239223129189032,0.09850699618900859,0.06277331774855381,0.052926093415335315,0.1357087594489452
05:30,1.2144358523250376,0.0,5.929447639179834,0.0,0.19308728874738582,0.0,0,0.0,0.05412686191793875,0.0,0,0.0,0.10300016686538445,0.0,0,0.0,0.08696968354922145,0.0,0,0.0,0.06548828417159755,0.0,0,0.043524781859598176,0.047324766196153584,0.06863936430196227,0.09646984451456507,0.06635469068825539,0.04232386447911623,0.09866314792503401,0.06228954088163938,0.052488746243633214,0.13368481998355222
05:40,1.2102416728455592,0.0,5.929447639179834,0.0,0.19258080751695913,0.0,0,0.0,0.054083605861403934,0.0,0,0.0,0.1029059064305924,0.0,0,0.0,0.08686250721690152,0.0,0,0.0,0.06581224739795005,0.0,0,0.04339943804522038,0.047099877367075646,0.06810362080702162,0.0964280363732921,0.06657450887805849,0.04223371385558527,0.0987619588942163,0.06176449575479973,0.05202462690482179,0.1316063215416605
05:50,1.2054077801842529,0.0,5.929447639179834,0.0,0.1919477083544602,0.0,0,0.0,0.054008231415568764,0.0,0,0.0,0.10274886822822044,0.0,0,0.0,0.0867179060953388,0.0,0,0.0,0.06610845933636939,0.0,0,0.043251782218435446,0.046853129384820696,0.06753136012768193,0.09633331868219004,0.0667591686503836,0.04213159265178943,0.09880389283003368,0.061199466871003284,0.05153489771365756,0.1294779976242997
06:00,1.1999871486597842,0.0,8.0,0.0,0.19119035092404701,0.0,0,0.0,0.05390157154839132,0.0,0,0.0,0.10253116311944915,0.0,0,0.0,0.08653741556313349,0.0,0,0.0,0.06637797978800124,0.0,0,0.04308251106390666,0.0465857290374203,0.06692404590727073,0.09618666188282499,0.06690935821451652,0.042049552884675934,0.09878955939934321,0.06059582898309965,0.05102076996687114,0.12730465037683278
06:10,1.1941007635872283,0.0,8.0,0.0,0.19031140861688473,0.0,0,0.0,0.05376455703700536,0.0,0,0.0,0.10225786511297487,0.0,0,0.0,0.08632267910476676,0.0,0,0.0,0.06662199928039605,0.0,0,0.04289250377522411,0.046298950129171984,0.06628321662309233,0.0959891712135598,0.06702588774015598,0.04208304636908032,0.09871971347667792,0.05995512806928336,0.050483500278332684,0.1250911367606221
06:20,1.1880480125460593,0.0,8.0,0.0,0.18931386079458767,0.0,0,0.0,0.05359821388125298,0.0,0,0.0,0.10195000473156889,0.0,0,0.0,0.08607544372877574,0.0,0,0.0,0.06684183632639273,0.0,0,0.04268331966676213,0.04599413003172232,0.06561048415667255,0.09574208406312622,0.06710968766739994,0.04248655209170524,0.09859525388928503,0.05928039996165293,0.04992438678650336,0.12284235476865142
06:30,1.1825704222106637,0.0,8.0,0.0,0.1882009838971996,0.0,0,0.0,0.05340366037083512,0.0,0,0.0,0.10170361864125224,0.0,0,0.0,0.08579755495243069,0.0,0,0.0,0.06703893404300526,0.0,0,0.042459286747554656,0.04567266624040649,0.064907592701597,0.09544676794267337,0.06716180648674686,0.04386131723633863,0.0984172216306256,0.058591016334133966,0.04934476524849947,0.12056322973736458
06:40,1.1794965777338937,0.0,8.0,0.0,0.18697634145084432,0.0,0,0.0,0.05318210411959896,0.0,0,0.0,0.10190828966114239,0.0,0,0.0,0.08549095136512004,0.0,0,0.0,0.06721485613298955,0.0,0,0.04223528298467587,0.04533601968667657,0.06417744118877206,0.09510474521254031,0.06718340799106781,0.047453707301700405,0.09818679754231387,0.05804192725613364,0.048746005035384454,0.1182587008049334
06:50,1.1834351528575366,0.0,8.0,0.0,0.18564377301519275,0.0,0,0.0,0.052934840947998246,0.0,0,0.0,0.10389153028557734,0.0,0,0.0,0.08515765878447137,0.0,0,0.0,0.06737128223497393,0.0,0,0.0420623972272346,0.04498586324033114,0.06343619401820556,0.09471820383038825,0.06717576800456881,0.055498638418709285,0.09790529946676517,0.058590490775382184,0.048129505043870306,0.11593370756386781
07:00,1.2060301752336917,0.0,10.070552360820166,0.0,0.18420738211566226,0.0,0,0.0,0.052663265906842734,0.0,0,0.0,0.11136999062572192,0.0,0,0.0,0.08479978402104002,0.0,0,0.0,0.06751000265126088,0.0,0,0.04210237700161587,0.04462644758942661,0.06281585785250109,0.09429681688648091,0.06714027060171111,0.07137864377394783,0.09757417887512954,0.06445529082843006,0.0474966895505499,0.113593176953371
07:10,1.2738394721281414,0.0,10.070552360820166,0.0,0.18267152320977192,0.0,0,0.0,0.05236894680938969,0.0,0,0.0,0.1326997902366996,0.0,0,0.0,0.08441950826917119,0.0,0,0.0,0.06763291246563473,0.0,0,0.04281584622062082,0.04429145889201002,0.06317243505860332,0.09392305443127975,0.06707840388110506,0.09919814318681841,0.09719501697740765,0.08828141776269624,0.04684900429256611,0.11124201043436673
07:20,1.4341528008513733,0.0,10.070552360820166,0.0,0.18104078774129406,0.0,0,0.0,0.05205397908991206,0.0,0,0.0,0.18236461315461444,0.0,0,0.0,0.08401908014338029,0.0,0,0.0,0.0677420050667221,0.0,0,0.045370768313036824,0.04426298697428377,0.06849118402740458,0.0941946511732016,0.06699175576025214,0.1423934855527257,0.09676952032396172,0.1533849941682556,0.046187917863605085,0.10888507149872309
07:30,1.7423206296735017,0.0,10.070552360820166,0.0,0.17931998933974672,0.0,0,0.0,0.051722460895773585,0.0,0,0.0,0.27786030974878784,0.0,0,0.0,0.08360080838129305,0.0,0,0.0,0.06783936509563215,0.0,0,0.052383540873403356,0.04632341443037378,0.09150615638495495,0.0982685460054244,0.06688201306517044,0.20143547474400827,0.09629951590993582,0.276836857787561,0.04551500303866059,0.10652717397277549
07:40,2.225730779719493,0.0,10.070552360820166,0.0,0.1775141482263516,0.0,0,0.0,0.051385904502002214,0.0,0,0.0,0.4283522968003515,0.0,0,0.0,0.08316705423583429,0.0,0,0.0,0.06792716083973861,0.0,0,0.06898314428556879,0.05853109252217577,0.157856321574526,0.1177839659022738,0.0667509844235208,0.271503660220704,0.09578694579638848,0.4311820717557125,0.04483294620121183,0.10417308243313278
07:50,2.860861006104682,0.0,10.070552360820166,0.0,0.17562847489081299,0.0,0,0.0,0.051080767096863225,0.0,0,0.0,0.6182731930165082,0.0,0,0.0,0.08272022358094419,0.0,0,0.0,0.0680076360975318,0.0,0,0.10384209932849037,0.10591943391617602,0.2912757840672525,0.18089455130668017,0.06660075928212411,0.34170815448994846,0.09523386126447024,0.5336934625014474,0.04415486012852211,0.10182774513691036
08:00,3.5910457579334127,1.0828755260286435e-08,12.0,2.2404321228178836e-09,0.17366835310614617,0.0,0,2.9872428304238446e-09,0.050918309453021046,0.0,0,1.867026769014903e-09,0.7996305099339799,0.0,0,2.613837476620864e-09,0.08226275875662645,0.0,0,1.1202160614089418e-09,0.06808310154246067,0.0,0,0.16929518625345888,0.2374426910944928,0.4718088195765766,0.32493195658591917,0.06643453664102152,0.39721274333719037,0.09464241652848933,0.5116443962869487,0.04357010009689566,0.0994998787401852
08:10,4.329174814721311,0.11123288766057914,12.0,0.023013700895292238,0.17163932235129262,0.0,0,0.03068493452705632,0.05120779582903114,0.0,0,0.0191780840794102,0.9078839289877949,0.0,0,0.026849317711174277,0.08179713018058887,0.0,0,0.011506850447646119,0.06815592561657467,0.0,0,0.2793451822777456,0.4960507623457772,0.6162904818213729,0.5507786292068133,0.06626030458022382,0.4241325971119751,0.09401486218330829,0.38078127345562646,0.043596255721978255,0.09724036305120705
08:20,4.9174223364193725,0.2193324440034401,12.0,0.04537912634553934,0.16954705971338402,0.0,0,0.06050550179405245,0.05271644520520428,0.007789056588848174,0,0.03781593862128278,0.8981449486785812,0.0,0,0.052942314069795895,0.08132582775511094,0.0,0,0.02268956317276967,0.06822852498755917,0.0,0,0.4448835312753414,0.8386159459737302,0.6483711058274328,0.7716482331111042,0.0661049547184316,0.41510352071506046,0.09335354094345104,0.22737669393198148,0.046567120811785434,0.09543488277121351
08:30,5.179148418749837,0.32429867985733574,12.0,0.0670962785911729,0.1673973613432696,0.0,0,0.08946170478823054,0.057123095407432815,0.040127665969645905,0,0.055913565492644084,0.7753631185472787,0.0,0,0.07827899168970172,0.08085135209906373,0.0,0,0.03354813929558645,0.06830335460541145,0.0,0,0.6671831228970029,1.0970019329811809,0.602048315846329,0.8555982653173553,0.06606086605061884,0.3724936189568092,0.09266091880331162,0.12025520696700767,0.060459907377351685,0.09634798155041452
08:40,5.130752079846994,0.42613159522226746,12.0,0.08816515763219328,0.1651961235392809,0.0,0,0.11755354350959103,0.06762750366477241,0.09005370581446454,0,0.0734709646934944,0.5927173512654549,0.0,0,0.10285935057089216,0.08037620563620494,0.022483144934687213,0,0.04408257881609664,0.06838289739752125,0.0,0,0.9328733840371741,1.1001478598551064,0.6063062126335629,0.7676895094727132,0.0664167512203473,0.30735464949865354,0.09193999475558445,0.0690105888222329,0.10528778851161244,0.10942525953677221
08:50,5.100153743587088,0.5248311900982365,12.0,0.10858576346860065,0.16294932353519198,0.0,0,0.1447810179581342,0.08943918500905322,0.1453955387635455,0,0.09048813622383386,0.4209584984098184,0.0,0,0.12668339071336743,0.07990288357197431,0.06926365207608035,0,0.05429288173430032,0.0684696536432789,0.0,0,1.2142227529369867,0.8622022788037892,0.7453105458782838,0.6350940053528503,0.06796456333315706,0.23474404657984427,0.09119788436402022,0.051074605543668355,0.21540665784965507,0.16121685877551525
09:00,5.507180225206655,0.6203974644852402,13.65685424949238,0.12835809610039453,0.16066300006893533,0.0,0,0.17114412813385937,0.1295396655376308,0.18700000135977407,0,0.10696508008366212,0.31615324134875983,0.0,0,0.14975111211712697,0.07943386479212694,0.13958089940108037,0,0.06417904805019727,0.06856613007152958,0.0,0,1.4760535618286716,0.5886864519920663,0.9724447009930048,0.6196198203403535,0.07257957204300439,0.16810848442811782,0.09047021890549067,0.04593027323429059,0.42255675629916745,0.2963744833235053
09:10,6.487310331080856,0.71283041838328,13.65685424949238,0.14748215552757518,0.15834323380890156,0.0,0,0.19664287403676692,0.19495639986974217,0.1886864755267988,0,0.12290179627297931,0.30663457508676306,0.0,0,0.17206251478217105,0.07897160271913133,0.23267181146412008,0,0.07374107776378759,0.06867482872620566,0.0050662490375819325,0,1.6860440403679504,0.4874537593282187,1.1793306546353979,0.7398432968526294,0.0840331860863898,0.11554712310112615,0.08995057824843375,0.04426192448324936,0.7144064782530778,0.5388586495136392
09:20,7.734354321798523,0.802130051792357,13.65685424949238,0.1659579417501428,0.15599612771503618,0.009961814035106625,0,0.22127725566685708,0.28923019962129803,0.12073353157235783,0,0.13829828479178569,0.39454792415573553,0.0,0,0.19361759870849996,0.0785185161837661,0.3477708939888539,0,0.0829789708750714,0.06879823564729366,0.019246984265359673,0,1.8223476769208833,0.6119202930315195,1.3133702519861348,0.8542280424260144,0.10860413487260691,0.07915691877613626,0.09051577063163502,0.04379661438167021,1.0025946581173135,0.8207289573314785
09:30,8.706905593078254,0.8882963647124686,13.65685424949238,0.18378545476809696,0.1536277874170315,0.04011948138617208,0,0.24504727302412926,0.4080015226175998,0.0,0,0.1531545456400808,0.556336898238311,0.0,0,0.2144163638961131,0.07807698058628997,0.48411027729867706,0,0.09189272738404848,0.06893880941591303,0.042200902233495124,0,1.8746023312045423,0.852102650897954,1.3937316058204452,0.8317992371798841,0.15449929321685676,0.05675226408683009,0.09530017757541674,0.046419844361799203,1.155762766368619,0.9809534240907617
09:40,9.0287137736796,0.9713293571436167,13.65685424949238,0.20096469458143792,0.1512443017433802,0.08983987422422982,0,0.2679529261085839,0.5361367560789483,0.0,0,0.16747057881786492,0.7403892409592118,0.0,0,0.2344588103450109,0.07764932155771218,0.6409197660859758,0,0.10048234729071896,0.0690989696136951,0.07358427991051897,0,1.8401590869089957,1.0247926311767275,1.4231382103421293,0.7210700987837417,0.2289340958972226,0.044343471089268914,0.11291960559909245,0.06065079863742095,1.0950738003550422,0.9031133849370135
09:50,8.740363196009175,1.0512290290858006,13.65685424949238,0.2174956611901656,0.14885172396424362,0.15848381145015178,0,0.2899942149202208,0.6492405578579227,0.0,0,0.181246384325138,0.8765936860482594,0.0,0,0.2537449380551932,0.07723782814063684,0.8174268760005322,0,0.1087478305950828,0.06928108524783898,0.1130510252577628,0,1.7212545971772426,0.9994814923307932,1.3368577676648672,0.7166133322030257,0.3327823928425019,0.03806032310158394,0.16093123070071103,0.10609971046558242,0.8636175204927318,0.6434599477712345
10:00,8.190787269320708,1.1279953805390213,14.928203230275509,0.23337835459428025,0.14645605741098583,0.2454061086334462,0,0.31117113945904035,0.7206339860603097,0.0,0,0.1944819621619002,0.9061153620396835,0.0,0,0.27227474702666027,0.07684489882866988,1.0128567241985227,0,0.11668917729714012,0.06948746319418124,0.16025273936072165,0,1.5268224236974617,0.7876969755810665,1.0832232399938284,0.9510469068375583,0.4551157334248683,0.03505659394512743,0.26378487054265887,0.20617488472384463,0.5951921770212295,0.36713569601923407
10:10,7.689075050103234,1.2016284115032774,14.928203230275509,0.2486127747937815,0.14406326863752175,0.34995561478970594,0,0.331483699725042,0.7314231052043119,0.0,0,0.20717731232815123,0.8145482693146944,0.0,0,0.29004823725941176,0.0764739623292907,1.2264309991286437,0,0.12430638739689075,0.06972033671133984,0.21483879004627257,0,1.276767543276468,0.5258232715160123,0.7238080838086726,1.3247608542062068,0.5720820739325417,0.03360406306785187,0.438605465360691,0.3555885419411486,0.4159071815845528,0.1858990292119297
10:20,7.253379661331897,1.2721281219785692,14.928203230275509,0.2631989217886695,0.14167945779445767,0.4714750787839178,0,0.350931895718226,0.6785380563497057,0.0,0,0.21933243482389125,0.6397074923072142,0.0,0,0.30706540875344773,0.07613423410721154,1.4573621737748799,0,0.13159946089433475,0.0699818540794726,0.2764563968611347,0,1.0030145203392398,0.3716499031263332,0.3947767259209324,1.555292111187588,0.6536692895541559,0.03280549778870855,0.6732979174008706,0.49010251078266126,0.36912877833585495,0.10360131225749046
10:30,6.713882268818859,1.3394945119648978,14.928203230275509,0.2771367955789444,0.13931181749920782,0.6093000568636544,0,0.3695157274385925,0.5760952845439282,0.0,0,0.23094732964912032,0.4456912709591243,0.0,0,0.3233262615087684,0.07586144463046263,1.7048269906531857,0,0.1385683977894722,0.07027406741742297,0.34475072723318395,0,0.7440304487528717,0.4093130983739287,0.18406818151886578,1.4347543936177196,0.676999966653877,0.03225550481233591,0.9173790617555885,0.5214598889614974,0.4103165149454489,0.07607132437657839
10:40,6.008508992722331,1.4037275814622618,14.928203230275509,0.29042639616460586,0.13697302918073015,0.7627534238475301,0,0.38723519488614117,0.4492635377868743,0.0,0,0.2420219968038382,0.2856500771381518,0.0,0,0.3388307955253735,0.0757937226466223,1.9678640635319369,0,0.14521319808230293,0.07059892173200444,0.41936500358348244,0,0.5350603449856706,0.614244582202264,0.0862329436912551,1.0299808975886993,0.639105899557498,0.03179321442867444,1.1006246727487001,0.42562280342963515,0.4591435355574306,0.06842081004812064
10:50,5.258480178664239,1.4648273304706616,14.928203230275509,0.30306772354565414,0.13469857484577535,0.9311225725474088,0,0.4040902980608722,0.324259787267227,0.07983051079364523,0,0.25255643628804514,0.182107411747689,0.07044902454035615,0,0.35357901080326315,0.07640182704108975,2.2450412472941106,0,0.15153386177282707,0.07095824425290269,0.4999406211034068,0,0.39941616491720383,0.8670132575973305,0.05245750054354008,0.5887985403653405,0.5609089425635325,0.03136249379687624,1.1662565306202424,0.2701071213731515,0.4678849721273711,0.0658488096049655
11:00,4.596448707122008,1.5227937589900982,15.727406610312546,0.3150607777220893,0.13260540542060684,1.1135779448488914,0,0.4200810369627857,0.21987839706953496,0.28003315068689594,0,0.26255064810174106,0.1328814311319929,0.20011824151010427,0,0.3675709073424375,0.07905410380733524,2.5335580508292126,0,0.15753038886104465,0.0713537341061868,0.5861172758582646,0,0.344502387553549,1.013719606512559,0.04335849446302783,0.29928284721588727,0.4792317738786171,0.030946411952200326,1.0937910444558172,0.1403260389887511,0.45124394896656006,0.06427308159938169
11:10,4.076471503424942,1.5776268670205702,15.727406610312546,0.32640555869391114,0.13106150779564918,1.3089219957471534,0,0.4352074115918815,0.1441215471523724,0.571119015126405,0,0.27200463224492594,0.12947835921684636,0.34264451453818384,0,0.38080648514289633,0.0870840017426672,2.8272805342294416,0,0.16320277934695557,0.07178695237909177,0.6775331028261284,0,0.3624949885534848,0.960451081698899,0.04103115256705009,0.20150565252532918,0.43099715880775663,0.030540964400220885,0.9053066806727573,0.06907956999766515,0.4484885752655055,0.06304331064964654
11:20,3.749085158873397,1.629326654562078,15.727406610312546,0.33710206646111956,0.13109680221257794,1.5149272599956949,0,0.4494694219481594,0.09598344322664436,0.92460499384792,0,0.28091838871759967,0.171210469202381,0.4523524340534024,0,0.3932857442046395,0.1071515187476057,3.113414759686475,0,0.16855103323055978,0.07225931263168478,0.7738248234250034,0,0.43365256640665995,0.735112797655559,0.040070223788843784,0.2680452953615734,0.4375870425234655,0.030145911528173915,0.6586363522345253,0.04255084145299827,0.4625725977767822,0.06300998412392252
11:30,3.6984636056191342,1.6778931216146225,15.727406610312546,0.347150301023715,0.13521194625872518,1.7268656147606847,0,0.46286706803162003,0.06996923294077757,1.3175028289387625,0,0.2892919175197625,0.26613685184548547,0.47550749972767953,0,0.40500868452766753,0.14973946918783956,3.368683975026303,0,0.1735751505118575,0.07277207194052525,0.8746279019963356,0,0.5310973061444149,0.45851538049778734,0.039330661837311584,0.4631471242862597,0.49606069137294573,0.029761979260948663,0.42386059264125153,0.04152769061225063,0.452375181864609,0.06895742492800218
11:40,3.96637146268813,1.7233262681782027,15.727406610312546,0.3565502623816971,0.14858353390665663,1.9348323432357253,0,0.4754003498422628,0.06070220389519177,1.7322009748858334,0,0.2971252186514143,0.4183306508497182,0.35430206752937554,0,0.41597530611197997,0.22660634129292845,3.5580529398453544,0,0.17827513119084856,0.07332632277018235,0.9795767104170017,0,0.627223246596613,0.2530057199967229,0.03863908755143092,0.7122305908583447,0.5803489856432722,0.02939014861327017,0.25016927718846566,0.06585954084209861,0.3844657620149352,0.09749005066829909
11:50,4.516709558097145,1.7656260942528186,15.727406610312546,0.3653019505350659,0.18013355950512655,2.1200007342656644,0,0.4870692673800879,0.06621601553065838,2.153054226735263,0,0.30441829211255494,0.6092086834607071,0.04951167618122332,0,0.4261856089575769,0.3436091396812695,3.640629409121662,0,0.18265097526753296,0.07392298727448512,1.0883046984100495,0,0.7012224191821703,0.1793948571416317,0.03798515530179196,0.9018350388055254,0.6520314413022871,0.029031713361351855,0.148221263488893,0.13461180388079494,0.27356954731595745,0.18571593286449464
12:00,5.309846339541104,1.8047925998384706,16.0,0.3734053654838215,0.24208812615399944,2.2513179735954862,0,0.4978738206450954,0.08972326836939457,2.5612047790109638,0,0.3111711379031846,0.789009349137466,0.0,0,0.4356395930644585,0.49107922637873647,3.5851897758073843,0,0.18670268274191076,0.0745628228075471,1.2004445583444132,0,0.7449438865005398,0.24028240845659163,0.03744834565976858,0.9912532818313148,0.6767184725790688,0.02868922778496405,0.10021376800922817,0.2619835264793545,0.16563717669284128,0.37621345270028955
12:10,6.288185781000198,1.8408257849351592,16.0,0.380860507227964,0.34621044744445395,2.285968033378996,0,0.5078140096372854,0.13989098642692627,2.929127802221323,0,0.3173837560233033,0.8930370263660213,0.0,0,0.44433725843262467,0.6391763800209023,3.3903506542191066,0,0.190430253613982,0.07524648242834268,1.3156283295300524,0,0.7632914258167716,0.3931054305921364,0.03760741713696153,1.0828880758388428,0.6387093821080827,0.02837006384638981,0.08179014482455997,0.4162976010691483,0.09715364438521357,0.6554112726954453
12:20,7.206596532825727,1.8737256495428833,16.0,0.3876673757674931,0.4961192139814198,2.1775161951650692,0,0.5168898343566575,0.229125712262591,3.2168919243153895,0,0.3230561464729109,0.8778474221286431,0.0,0,0.4522786050620753,0.7463759328457057,3.0962533264354763,0,0.19383368788374655,0.07597482499345345,1.4334871924203454,0,0.7678286504901363,0.5441751937694038,0.041486161801594354,1.2809671612051687,0.5463454557695036,0.028097770867965447,0.07576237214194186,0.5142114875539006,0.08143011312782038,0.9008490598864787
12:30,7.668564498259969,1.903492193661643,16.0,0.3938259711024089,0.6785084627098708,1.8928337035576073,0,0.5251012948032119,0.36903874831888483,3.3729544707997166,0,0.3281883092520074,0.7498697922176021,0.0,0,0.4594636329528104,0.7808871498355051,2.7748298095527817,0,0.19691298555120446,0.07675023976521789,1.5536499382063318,0,0.7669905558964141,0.5881478513622045,0.060365213864648166,1.5002799141759517,0.4254519409991954,0.02794383385860373,0.07380248612604608,0.4939346674827962,0.12254912299031119,0.9540445186567176
12:40,7.529753399902072,1.9301254172914397,16.0,0.3993362932327117,0.8596648150274021,1.432505181762917,0,0.5324483909769488,0.5631347791022393,3.342268082674426,0,0.33278024436059306,0.5609825645493267,0.0,0,0.46589234210483027,0.7422494547612157,2.498472696896396,0,0.19966814661635585,0.0775816257357126,1.675736459086975,0,0.7593249465486756,0.504204043708551,0.12342448194145224,1.5229154113568812,0.3056446880962192,0.02810469911160573,0.07291538307041254,0.3955684521285503,0.2241182162051243,0.7899198385587024
12:50,7.15725784803524,1.9536253204322716,16.0,0.404198342158401,0.9932744573527095,0.8434290665686086,0,0.538931122877868,0.7989982332810635,3.082200972271231,0,0.33683195179866754,0.37502897310798855,0.0,0,0.4715647325181345,0.6661293831875679,2.3039080462269625,0,0.2020991710792005,0.07850094898599193,1.7993346811801834,0,0.734441328767353,0.38948667236386597,0.2796516770080464,1.2515695375545037,0.20808676745330465,0.02906094785292654,0.07227410204160167,0.33476772288094875,0.377160171402853,0.5688269247945156
13:00,7.112640825590681,1.9739919030841397,15.727406610312546,0.40841211787947723,1.038867712511439,0.21297347193664695,0,0.5445494905059696,1.0445075394554897,2.5822429233217106,0,0.34034343156623104,0.2341462756504468,0.10619715591578424,0,0.47648080419272343,0.6059122111372587,2.1744766392824273,0,0.20420605893973862,0.07961174239225519,1.9239289977276668,0,0.680818416447728,0.36529182490338963,0.5705766768338616,0.8192151648072444,0.14065163660196126,0.0318483064358343,0.07170063748530331,0.3928212333622638,0.5450046665141053,0.49166678105210015
13:10,7.581095261754886,1.9912251652470445,15.727406610312546,0.4119776203959402,0.9812876866471721,0.0,0,0.5493034938612537,1.2525539244543709,1.8789924927285935,0,0.34331468366328355,0.14801131765516906,0.30150052192389876,0,0.48064055712859693,0.6016970931708158,2.0534201032402084,0,0.2059888101979701,0.08121322588323979,2.0487045820423972,0,0.5947215291749397,0.45686320725030977,0.9739306772832095,0.43638784496619804,0.10046254364095807,0.038409667090880756,0.0711653920133879,0.5479694530914337,0.6705414565846266,0.6258802428481745
13:20,8.151447761194827,2.0053251069209845,15.727406610312546,0.41489484970778984,0.8385527096997607,0.0,0,0.5531931329437199,1.3749786250032914,1.0572070006690222,0,0.34574570808982485,0.10460163989003407,0.5426445901236896,0,0.4840439913257548,0.656438421426905,1.881025673139058,0,0.20744742485389492,0.08407421178047467,2.1720777951158174,0,0.48409691837796526,0.568887945694863,1.3647355176940708,0.20687035930247583,0.07967442662168107,0.051858324356162874,0.07066514568856279,0.7082597896941639,0.705574221845725,0.8521795041186904
13:30,8.160467668474313,2.0162917281059607,15.727406610312546,0.4171638058150263,0.6526801103094133,0.0,0,0.5562184077533684,1.3805240974365274,0.23290131098586309,0,0.3476365048458553,0.08639644908335156,0.8038846458861933,0,0.48669110678419736,0.7342869053087564,1.633429874614499,0,0.20858190290751316,0.08994279293978373,2.290716905083547,0,0.36539878212079124,0.5790001070923978,1.555174454328511,0.1080589116131214,0.07036775521999061,0.0763085753274087,0.07020026705578052,0.7919609093844506,0.6394535886482411,0.960713962605787
13:40,7.2833532413091895,2.024125028801972,15.727406610312546,0.41878448871764945,0.47000978941748967,0.0,0,0.5583793182901993,1.2677413318532744,0.0,0,0.34898707393137457,0.0800639621267306,1.0728077576908375,0,0.4885819035039244,0.7823256802209959,1.3396860978974277,0,0.20939224435882473,0.10231151033537103,2.3977976391070004,0,0.25623303297716243,0.4589145974295202,1.423687334782457,0.07668666780504696,0.06685616959630471,0.1158858013161009,0.06977138814381573,0.7655711144815279,0.5091535988969804,0.8381412619264106
13:50,5.81284001628996,2.028825009009021,15.727406610312546,0.41975689841565944,0.32399679378539425,0.09576010463026519,0,0.5596758645542126,1.0656073172906144,0.0,0,0.34979741534638287,0.07832565456137847,1.344279518475842,0,0.489716381484936,0.762453636465941,1.0669488429164224,0,0.20987844920782972,0.12724291461293327,2.480433173701897,0,0.16873221127352958,0.2913610726115075,1.0334255193139112,0.06913994608769007,0.06588098366381964,0.17284129455836172,0.06937901962271861,0.6355691787081144,0.3841100877757608,0.5647743859582858
14:00,4.3903951089193995,2.0303916687271046,14.92820323027551,0.4200810349090562,0.22964317152009625,0.28619796801922515,0,0.5601080465454082,0.8214947920338971,0.0,0,0.3500675290908802,0.07808649534100565,1.6162605522257165,0,0.49009454072723224,0.6737616429347586,0.8832817407088962,0,0.2100405174545281,0.17370475873342123,2.5167689324230036,0,0.10692439571568219,0.17971379794500167,0.5912289567957701,0.06762813441668006,0.06588550573145988,0.24541284202307354,0.06902351460750192,0.4517098553322353,0.3269450776415309,0.3092321681472847
14:10,3.5342222255898914,2.0288250079562253,14.92820323027551,0.4197568981978397,0.18949645295488513,0.5164584132621797,0,0.5596758642637862,0.5832823858507218,0.0,0,0.3497974151648664,0.07828496325190597,1.8877730041386769,0,0.48971638123081296,0.5526958633515513,0.8203022585881579,0,0.20987844909891984,0.2525730006574154,2.474074380864508,0,0.06815265916297468,0.17768697344519468,0.271471457505644,0.06725483056049282,0.06623711940787512,0.3267802516350596,0.06870507042421597,0.304234785657204,0.3504114750706105,0.17695493665414008
14:20,3.4165322323894753,2.0241250266963813,14.92820323027551,0.4187844882820099,0.20436746286351773,0.730875438680672,0,0.5583793177093466,0.3847567008113178,0.17362261689802877,0,0.34898707356834163,0.078623988822641,2.1581360888843775,0,0.4885819029956783,0.45406670580905306,0.854817455774783,0,0.20939224414100496,0.37363391027054615,2.3098327147349664,0,0.04644487652424141,0.2862637811787777,0.10984437712391701,0.06707467628961843,0.06671920086826442,0.40639178975451656,0.06842379369051549,0.2715887725879249,0.4064825659058916,0.19184962988873236
14:30,3.91909085485347,2.016291724947574,14.92820323027551,0.417163805161567,0.28094088518976196,0.867098358652477,0,0.5562184068820892,0.2400016112059438,0.4898394125741743,0,0.3476365043013058,0.0790509891257114,2.4267216040599715,0,0.48669110602182813,0.42704110923004646,0.9144674525665647,0,0.2085819025807835,0.5408507829811003,1.9775638343346498,0,0.035608560796139894,0.45393711745467863,0.05086800642346499,0.06703842589034185,0.06728981453243565,0.4736291918033709,0.06818037292247245,0.3565235599979855,0.4254967085537761,0.35263371874624105
14:40,4.745091277871175,2.0053251027098016,14.92820323027551,0.4148948488365107,0.4313462036103422,0.8506470038786456,0,0.5531931317820142,0.1465361417032065,0.896496402652982,0,0.34574570736375887,0.07965007747781182,2.6928172339459184,0,0.48404399030926243,0.4980507160865552,0.9004607267892719,0,0.20744742441825534,0.7475739691419822,1.4374372896109229,0,0.03097900545562106,0.5773449845144967,0.035060596426200526,0.06775861056564098,0.06802690148309634,0.5218896388918187,0.0679815763395067,0.47255527597734653,0.37659410920064207,0.6237434709969071
14:50,5.543356878110995,1.9912251599830657,14.92820323027551,0.4119776193068412,0.6638970140879026,0.5987276090975842,0,0.5493034924091216,0.09288542539891238,1.3529144696631912,0,0.343314682755701,0.08085818047217669,2.955273736229443,0,0.4806405558579814,0.6632062199531954,0.7178950626940579,0,0.2059888096534206,0.9742795977251547,0.6691465015391888,0,0.02993688330741459,0.565621180444484,0.03188266384403712,0.07252368139605082,0.069231048702822,0.5503240695573837,0.06787566006281964,0.5063862777320388,0.29316404337670704,0.8812849320498952
15:00,6.103670614556541,1.9739918967673662,13.65685424949238,0.4084121165725585,0.9688488615873942,0.0382908640827484,0,0.5445494887634114,0.06591749341252548,1.8315464650140771,0,0.34034343047713206,0.08430100187911474,3.21131616482746,0,0.4764808026679849,0.8881213915574556,0.30625447380458726,0,0.20420605828627925,1.1908232670995753,0.0,0,0.0318524070459461,0.42675544377479757,0.03137030060084064,0.0933578674249094,0.07173629402321784,0.5618701052667349,0.06812942633219789,0.4174658592433868,0.24038541234149344,0.9627354829669514
15:10,6.486678792270242,1.9536253130627024,13.65685424949238,0.40419834063366256,1.3074231241444194,0.0,0,0.5389311208448834,0.05548460895844104,2.3149929769005197,0,0.33683195052805215,0.09493014368467402,3.453217971670838,0,0.47156473073927296,1.1151913903917032,0.0,0,0.20209917031683128,1.3631536336708734,0.0,0,0.03802594801666849,0.25466193336434606,0.031288707833441516,0.15912636205284392,0.07750561405503817,0.559096322588602,0.0698990786647982,0.26998195515703943,0.25940829891516126,0.8315016707721901
15:20,6.91110085802624,1.9301254088690742,13.65685424949238,0.3993362914901533,1.6135253930453357,0.0,0,0.5324483886535377,0.05636062291204612,2.7910807426420114,0,0.3327802429084611,0.12496724013164774,3.6610309744476512,0,0.4658923400718455,1.2796704936498942,0.0,0,0.19966814574507666,1.462296114942165,0.0,0,0.05178101194746772,0.13096549362634277,0.03128070144098399,0.3083214199715004,0.09044874893074288,0.5412853798602539,0.0770672790708674,0.1640246904194171,0.3348549933090231,0.6442512747685506
15:30,7.504932289904275,1.9034921841864827,13.65685424949238,0.3938259691420309,1.8122822998667671,0.0,0,0.5251012921893745,0.06867368216030303,3.2475083526710833,0,0.32818830761835904,0.19815422415526263,3.791065057910748,0,0.45946363066570267,1.3314856353812277,0.0,0,0.19691298457101544,1.4726172291817001,0.0,0,0.07838014252906263,0.07108417462690961,0.03130417690859153,0.5458872583923149,0.11699382999900955,0.505225404699741,0.09946863552980567,0.1656460441578984,0.4054805682225852,0.602248984093096
15:40,8.181239688686954,1.8737256390149266,13.65685424949238,0.3876673735892952,1.84892729192071,0.0,0,0.5168898314523935,0.09785738412348978,3.666540799999987,0,0.323056144657746,0.3484867960149128,3.7656344065535814,0,0.4522786025208444,1.253810340473397,0.0,0,0.1938336867946476,1.3970181270832682,0.0,0,0.1240886888121309,0.050807352319921506,0.03135465490979775,0.7999728349323388,0.1653938048692745,0.44903797542019397,0.15481541827697973,0.2988372415426463,0.41072539247801293,0.7501063855098802
15:50,8.737507001176224,1.840825773354407,13.65685424949238,0.3808605048319462,1.7128283934451187,0.0,0,0.507814006442595,0.15422971550098244,4.020125090941599,0,0.31738375402662183,0.6048764339272148,3.4781417266529884,0,0.44433725563727056,1.0687514344802862,0.0,0,0.1904302524159731,1.2577091953803001,0.0,0,0.19379335029351424,0.0462777998523444,0.03143085467017867,0.9679781417643851,0.2426380987993349,0.37583289301532113,0.2620783586349989,0.5492429353942646,0.3379845515755012,0.9318548444424772
16:00,9.052954684185021,1.8047925872049233,12.0,0.3734053628699841,1.4423536581394119,0.0,0,0.49787381715997886,0.251440832246183,4.266558075855396,0,0.3111711357249868,0.9606739808535614,2.8286388815244137,0,0.4356395900149815,0.8266368373505415,0.0,0,0.18670268143499205,1.0918802910911605,0.0,0,0.28735828352192727,0.04656427616231429,0.03153163480358081,1.0265091382660172,0.3489886311366247,0.2942469107250703,0.4213234840048195,0.8511331298653515,0.22649469395414945,0.9458189020643079
16:10,9.144619988547483,1.765626080566475,12.0,0.36530194770340857,1.1075404749877646,0.0,0,0.4870692636045448,0.4028418684504702,4.35078547100947,0,0.3044182897528405,1.3469705551806561,1.786086616096598,0,0.4261856056539767,0.5844019826691205,0.0,0,0.18265097385170428,0.9424151272846643,0.0,0,0.39621444658366406,0.05059223788844184,0.03165579874905183,1.0301254084619342,0.47260647725141436,0.21554781181060043,0.592583183164905,1.0995047533578286,0.1270977675655138,0.7445220951414527
16:20,9.019737781538122,1.7233262534390636,12.0,0.3565502593322201,0.7810652283926786,0.0,0,0.4754003457762935,0.6156446938966812,4.210541122889082,0,0.2971252161101834,1.6424872795254095,0.4407245526813717,0,0.4159753025542568,0.3845723630028,0.03140293955145679,0,0.17827512966611006,0.8455461823265146,0.0,0,0.5026436314089018,0.06632080513640315,0.03180208918593792,0.9880778886292144,0.5887311190230776,0.14952633497157133,0.7034969752954395,1.197504088145152,0.06471882218916876,0.4576002804091734
16:30,8.605189898848463,1.6778931058226878,12.0,0.34715029775641815,0.5136808906622425,0.0,0,0.4628670636752242,0.8843280914871351,3.7890800950771713,0,0.2892919147970151,1.7329745417119704,0.0,0,0.4050086807158212,0.2450758568462936,0.19133576342098438,0,0.17357514887820907,0.8195339184684151,0.0,0,0.5836401593847609,0.11441225643887899,0.03196919171461624,0.8448566606757791,0.6666777067140796,0.10188010565271609,0.6962959833466511,1.101231469065736,0.03550928556118276,0.23312378111800694
16:40,7.912529681642561,1.6293266377173472,12.0,0.33710206297600287,0.32483887241067294,0.012263190565329929,0,0.4494694173013372,1.1861825083846635,3.0523670039938446,0,0.2809183858133357,1.5848373465114967,0.0,0,0.39328574013867007,0.1624430127725069,0.4221784907871476,0,0.16855103148800143,0.8593843791581937,0.0,0,0.6187709092826255,0.22187145370474826,0.03215573902317491,0.6015314387066157,0.6828271213178292,0.07429756028300986,0.5751198194862007,0.8451528350013,0.025033295233141288,0.11808339036638267
16:50,7.143008391209326,1.5776268491230443,12.0,0.3264055549909747,0.2083420776318216,0.130326667924483,0,0.4352074066546329,1.4820242510758284,2.005550159572649,0,0.2720046291591456,1.2727652252332382,0.0,0,0.3808064808228038,0.12301666616733091,0.6799683054426204,0,0.16320277749548734,0.9408077149140499,0.0,0,0.5984966902560032,0.3880181729927652,0.03236031521513169,0.35244070059501753,0.6323424725401171,0.06652491727267507,0.40283606752852985,0.5354348936080914,0.022108439639792192,0.08548978653893384
17:00,6.535829247911077,1.5227937400397764,10.070552360820168,0.315060773801333,0.14515774684526725,0.30022969488054874,0,0.4200810317351107,1.7234396563565535,0.702191534951206,0,0.2625506448344442,0.9367542069355791,0.0,0,0.36757090276822185,0.11437424093282304,0.9331649672780193,0,0.1575303869006665,1.032241386309594,0.0,0,0.5283574678775591,0.5471059775214191,0.032581460282668444,0.18346044993591643,0.5319112820712564,0.0787050580328385,0.2519620083448795,0.2950021596137113,0.02145982637571458,0.1133163204752992
17:10,6.221557297183134,1.4648273104675438,10.070552360820168,0.30306771940707805,0.1149606480677649,0.48833676621986194,0,0.4040902925427707,1.8650932913792093,0.0,0,0.2525564328392317,0.7044807322845649,0.0,0,0.35357900597492437,0.13206581049441604,1.1546781627585276,0,0.15153385970353903,1.109051976605695,0.0,0,0.4265354182836989,0.5984905592245772,0.03281767488053223,0.10363438099760601,0.41180817148063625,0.11247786100848466,0.16440300814380351,0.20432701775015508,0.02133849309253738,0.22007225348945134
17:20,6.2633208613481735,1.4037275604063493,10.070552360820168,0.29042639180821017,0.10228945891638319,0.6764736991116889,0,0.38723518907761356,1.8780891210912054,0.0,0,0.24202199317350848,0.6342705299594642,0.0,0,0.33883079044291187,0.18036134617626332,1.3131476070251762,0,0.14521319590410509,1.1622766704931284,0.0,0,0.31627777084710773,0.5046554351163973,0.033067430044143316,0.07671930977567865,0.30309153032958563,0.17023317306439156,0.15436349821479423,0.29081787887449956,0.021314763648683867,0.4354929447964466
17:30,6.668618123414285,1.3394944898561887,10.070552360820168,0.2771367910047287,0.09771520898199983,0.8558952811344177,0,0.3695157213396383,1.7594190522378492,0.0,0,0.23094732583727393,0.7028680165888931,0.0,0,0.32332625617218347,0.26711288072795514,1.3693609824694044,0,0.13856839550236436,1.19746764593117,0.0,0,0.2175357743610252,0.33368186251952603,0.03332927671114286,0.07025024326977111,0.2282041920877268,0.2529576273337077,0.23490716644419046,0.5290244111908784,0.021307913891817166,0.7228368511366318
17:40,7.262649905237567,1.2721280988170642,10.070552360820168,0.263198916996634,0.09642347889872471,1.0226707192323268,0,0.35093188932884534,1.5337132105211588,0.0,0,0.21933243083052834,0.8289706218473495,0.0,0,0.30706540316273967,0.3937832836554488,1.2826431019766953,0,0.131599458498317,1.2257569874985446,0.0,0,0.14198127890136913,0.18409912878650406,0.033603459017812504,0.06927189874527076,0.19903946934116967,0.35792337863653584,0.4264696547307038,0.8109780192947679,0.021305606303650956,0.9393304290585567
17:50,7.700894223801507,1.2016283872889775,10.070552360820168,0.24861276978392638,0.09631145429646502,1.1749720347197883,0,0.3314836930452352,1.2464630311199056,0.0,0,0.20717730815327198,0.916194743537267,0.0,0,0.29004823141458075,0.5449321628396572,1.0277591705516187,0,0.12430638489196319,1.2542865310438835,0.0,0,0.09290020023242294,0.0993834467062906,0.03390989060612724,0.06934875975405567,0.22012205440797572,0.47765531387647353,0.7271061755767334,0.9641112238199357,0.02130568049370807,0.9368635554906048
18:00,7.7346122894298395,1.127995355271925,8.000000000000002,0.2333783493666052,0.09658287226727469,1.3117675118191188,0,0.31117113248880696,0.9514084758547788,0.0,0,0.19448195780550434,0.8996359431144431,0.0,0,0.2722747409277061,0.6853168452788811,0.6147170662004438,0,0.1166891746833026,1.2824128219687974,0.0,0,0.06860336434692833,0.066108993954814,0.03443206321154624,0.0695708378380227,0.2915164576953801,0.6009231610188541,1.0699606783879327,0.8788662782979355,0.021307151397656075,0.7179663447965956
18:10,7.394143793099279,1.051229002765909,8.000000000000002,0.21749565574467078,0.09697293511206952,1.43229023245172,0,0.2899942076595611,0.6970783433909866,0.0,0,0.18124637978722566,0.7741653200207498,0.0,0,0.25374493170211593,0.7710847953679292,0.09737720253463045,0,0.10874782787233539,1.3043206324694319,0.0,0,0.06670188555074348,0.05703625140833212,0.03632227114444193,0.06980326480029306,0.4082085274454508,0.7152181489667706,1.3282619985545998,0.6147341309598309,0.021309151933430758,0.43292613597421964
18:20,6.884902376384358,0.9713293297709299,8.000000000000002,0.20096468891812344,0.09740226063203719,1.535852660737806,0,0.2679529185574979,0.5171334531417153,0.0,0,0.1674705740984362,0.586839121384815,0.0,0,0.23445880373781067,0.771456686354035,0.0,0,0.10048234445906172,1.3133483637054653,0.0,0,0.08696196386494993,0.05563275115750384,0.044700782727040506,0.07002968172261358,0.557391079210873,0.8092164201872338,1.3964968670027968,0.33463416448378397,0.02131083957940763,0.2223479412300871
18:30,6.4202413336596225,0.8882963362869858,8.000000000000002,0.18378544888696258,0.09784749311303041,1.6217906165117382,0,0.24504726518261674,0.4264037706127656,0.0,0,0.15315454073913548,0.4006195110037095,0.0,0,0.21441635703478967,0.686456507639605,0.0,0,0.09189272444348129,1.3033855363181324,0.0,0,0.13154460272041843,0.05593500683144952,0.07524826185688208,0.07024671190846579,0.7179435172424917,0.8739684134694161,1.28138622138542,0.1574289560568132,0.02131139228720472,0.120515431213819
18:40,6.173915122825905,0.8021300223140773,8.000000000000002,0.16595793565118838,0.09830004615654866,1.689448506006378,0,0.22127724753491784,0.4214026696103367,0.0,0,0.13829827970932365,0.258503523236112,0.0,0,0.1936175915930531,0.5468910192963601,0.0,0,0.08297896782559419,1.2674364532948479,0.0,0,0.20254036966051242,0.05649701397060816,0.15888981097693317,0.07045204202660148,0.8647348732542743,0.9028474285174419,1.0966986390368978,0.10917438386114721,0.02131001069473185,0.09823683923255142
18:50,6.255035007980309,0.7128303878522065,8.000000000000002,0.14748214921080136,0.09875476482192186,1.7381758903952576,0,0.1966428656144018,0.4829904764765682,0.0,0,0.12290179100900113,0.1711917939818626,0.0,0,0.1720625074126016,0.3965813510744605,0.0,0,0.07374107460540068,1.1973444816679526,0.0,0,0.2978000312948572,0.05707057550874677,0.3271239352152716,0.07064346088148331,0.9756740039999887,0.8914534475097654,0.9549424198346219,0.1718659170459058,0.021305920575184607,0.1402924280917181
19:00,6.6226846045419006,0.6203974329013703,5.929447639179834,0.12835808956580075,0.09920722732357669,1.7673267526374816,0,0.17114411942106766,0.5802026490793175,0.0,0,0.10696507463816729,0.12714137223359076,0.0,0,0.1497511044934342,0.2706196881468103,0.0,0,0.06417904478290037,1.0874811104071003,0.0,0,0.40718475763104156,0.05762350374052273,0.5720020625536107,0.07081881035188875,1.0365633151235851,0.8385633774507263,0.8727127558977853,0.310416493067136,0.02129837517141069,0.27084910636379816
19:10,7.031577468007175,0.5248311574615716,5.929447639179834,0.10858575671618724,0.09965319342746076,1.7762593159262081,0,0.14478100895491633,0.6760949598917699,0.0,0,0.0904881305968227,0.10880215160277394,0.0,0,0.12668338283555178,0.18398774561621342,0.0,0,0.05429287835809362,0.940440865648577,0.0,0,0.5119232092619148,0.05815120838265053,0.8212582132573035,0.07097599107131333,1.0411903234907312,0.7479106913321236,0.787227828073504,0.4519690341336429,0.021286657392996473,0.5107053954241998
19:20,7.1198109045539635,0.4261315615328071,5.929447639179834,0.0881651506619601,0.10008851518823288,1.7643359513999353,0,0.11755353421594679,0.7363235534053796,0.0,0,0.07347095888496674,0.10261533522970114,0.0,0,0.10285934243895345,0.13392531390653892,0.0,0,0.04408257533098005,0.7697634667447316,0.0,0,0.5887874229336784,0.05865169910784635,0.9734171337812104,0.0711129702296913,0.989168120718182,0.6292996591820942,0.6466767786321636,0.5016341301593356,0.021270081868609354,0.7970767234665678
19:30,6.619041139988158,0.3242986451150788,5.929447639179834,0.06709627140311974,0.10050913421841559,1.7309230885846394,0,0.08946169520415966,0.7387211859362885,0.0,0,0.05591355950259978,0.10110142800339333,0.0,0,0.0782789833036397,0.10932023649055612,0.0,0,0.03354813570155987,0.5966132199187306,0.0,0,0.6181229902206599,0.059123226067115515,0.9623129126136057,0.07122778911367982,0.8856921744764026,0.4975420866847973,0.46462084080552707,0.42151476656740605,0.021247996847270866,0.9713711520243083
19:40,5.54606411794253,0.21933240820838848,5.929447639179834,0.045379118939666584,0.10091109278769238,1.6753911147366136,0,0.06050549191955545,0.6797192123039989,0.0,0,0.03781593244972215,0.10105211809885492,0.0,0,0.052942305429611015,0.09896404162357746,0.0,0,0.022689559469833292,0.44213221933915564,0.0,0,0.5919011827035603,0.059564123353578184,0.7929125191153413,0.07131857027724371,0.7435634931921196,0.36904613857382795,0.2944554179656579,0.2693373526455008,0.021219785942910623,0.9099668500195108
19:50,4.210029468568096,0.11123285081273171,5.929447639179834,0.023013693271599665,0.10129054646300438,1.597114261545209,0,0.030684924362132885,0.5739078881221329,0.0,0,0.019178077726333054,0.10135748203524168,0.0,0,0.026849308816866275,0.09520999949117695,0.0,0,0.011506846635799832,0.32025843296593337,0.0,0,0.517236840524478,0.0599728063396766,0.5389584742703043,0.0713835243115409,0.5834968343662524,0.2575057645359113,0.17558782413008314,0.13358019395955884,0.021184869717240228,0.659097987335561
20:00,2.9963334026841983,0.0,4.000000000000002,0.0,0.10164377643903032,1.4954704851061786,0,0.0,0.44662480572158647,0.0,0,0.0,0.10170100714220727,0.0,0,0.0,0.0940154851077962,0.0,0,0.0,0.23483537043625938,0.0,0,0.4132470479793428,0.06034777657462086,0.3018632536380591,0.07142095618704103,0.4295169289622037,0.1707590058943654,0.1116290405860679,0.055304624383028377,0.021142707096698774,0.38228161653589093
20:10,2.121941166831262,0.0,4.000000000000002,0.0,0.10196720128240924,1.3935032838237693,0,0.0,0.3235022346857103,0.0,0,0.0,0.10200643375026934,0.0,0,0.0,0.09364116944838058,0.0,0,0.0,0.18142834032320093,0.0,0,0.30312381087746487,0.060687626652895475,0.14609592428609242,0.07142927114307326,0.3012313217144083,0.11010580667150553,0.08462062662135666,0.02376566882919804,0.02109279661995491,0.1972429339253422
20:20,1.586076190574804,0.0,4.000000000000002,0.0,0.10225738802268725,1.2912458958010822,0,0.0,0.22222145198583915,0.0,0,0.0,0.10225706937243165,0.0,0,0.0,0.09346310939888652,0.0,0,0.0,0.15153919287333145,0.0,0,0.20588248764050004,0.06099104474604633,0.0720447639092468,0.07140698010235332,0.2080691403475265,0.07190735955514668,0.07557486328685391,0.014580601319239422,0.021034677513200876,0.11284606050151402
20:30,1.286470248832866,0.0,4.000000000000002,0.0,0.10251106254970692,1.1887348332513752,0,0.0,0.14959684976097218,0.0,0,0.0,0.10244856304208595,0.0,0,0.0,0.09329185680387646,0.0,0,0.0,0.1365054858183842,0.0,0,0.13169659463249697,0.061256818770132344,0.046363243850232175,0.07135270459050551,0.148853035008723,0.05022086283536474,0.07315928811554649,0.012585354045204377,0.02096793059123718,0.0856605984183977
20:40,1.1265116473898595,0.0,4.000000000000002,0.0,0.1027251192825745,1.0860097139688007,0,0.0,0.1036004675346,0.0,0,0.0,0.10257882912682005,0.0,0,0.0,0.09307804628832098,0.0,0,0.0,0.12965628639790003,0.0,0,0.08192482078504978,0.061483840170727194,0.039905592368436014,0.07126518114315851,0.11579836004208767,0.03912452200019459,0.07263605769572516,0.01222106819379893,0.020892178983119403,0.0796212773773469
20:50,1.044652798506773,0.0,4.000000000000002,0.0,0.1028966300787089,0.9831130838900919,0,0.0,0.07766377594732152,0.0,0,0.0,0.10264627304102078,0.0,0,0.0,0.09281035584274466,0.0,0,0.0,0.12676274494270506,0.0,0,0.05224366640135606,0.061671107309289805,0.038813616793965784,0.07114326518583859,0.09953646788918528,0.034018065270909593,0.07252020706713748,0.012122368295369657,0.020807088681916153,0.0789971657593039
21:00,1.005143964933332,0.0,2.343145750507623,0.0,0.10302285235480367,0.8800902315352882,0,0.0,0.06456691648011689,0.0,0,0.0,0.10264953364415143,0.0,0,0.0,0.09248633353594533,0.0,0,0.0,0.1255377156568252,0.0,0,0.03637909178143023,0.061817728436600335,0.03878711251405487,0.07098593437459647,0.09244059508279363,0.031917717392650674,0.07245122404202993,0.012053172969391108,0.020712368918905717,0.0793356677490365
21:10,0.9871378632859915,0.0,2.343145750507623,0.0,0.10310123639498625,0.776988995140302,0,0.0,0.058606810719017764,0.0,0,0.0,0.10258745427639682,0.0,0,0.0,0.09210540412542777,0.0,0,0.0,0.12490579202006526,0.0,0,0.02870251568970602,0.06192292424092826,0.03889996849250314,0.07079229138806703,0.08964189061659841,0.031158873842800677,0.07235948874450586,0.011983795399812711,0.020607772363314077,0.07976164497186139
21:20,0.9789296483054426,0.0,2.343145750507623,0.0,0.10312943182504172,0.6738595633152602,0,0.0,0.05612865226307588,0.0,0,0.0,0.10245908189343865,0.0,0,0.0,0.09166744842993081,0.0,0,0.0,0.12442243579334283,0.0,0,0.025273806017158982,0.06198602996065085,0.039009093867620984,0.07056156616445848,0.08857346484591491,0.030929924552232854,0.07223352248800972,0.011911227355838883,0.020493095149463833,0.08015086769926315
21:30,0.9745346131661955,0.0,2.343145750507623,0.0,0.10310529323526045,0.5707542700799998,0,0.0,0.05514542944560845,0.0,0,0.0,0.10226366842455613,0.0,0,0.0,0.09117255623641699,0.0,0,0.0,0.12392503101706291,0.0,0,0.023790826269082372,0.062006497053161774,0.03909777168905571,0.07029311757978333,0.08808935672929413,0.03088158211797556,0.0720710602112221,0.01183497775148206,0.020368176733959093,0.0804892686722745
21:40,0.971224562240094,0.0,2.343145750507623,0.0,0.10302688493825689,0.4677273851417429,0,0.0,0.054720310305875146,0.0,0,0.0,0.10200067156828826,0.0,0,0.0,0.0906209880393208,0.0,0,0.0,0.12336088519735375,0.0,0,0.023097072147715756,0.061983894414087935,0.03916392330964487,0.06998643456645974,0.08775005693931424,0.030880193127295917,0.07187109594458467,0.011754758679439373,0.020232899586269566,0.08077449347618691
21:50,0.9678917394656931,0.0,2.343145750507623,0.0,0.10289248485196856,0.36483490028977433,0,0.0,0.05446537593019536,0.0,0,0.0,0.1016697547783252,0.0,0,0.0,0.09001316799549822,0.0,0,0.0,0.12271514576909587,0.0,0,0.022684994245121208,0.06191790914305297,0.039206767410544796,0.06964113667421303,0.0874094428830246,0.030879949440319427,0.07163286796962139,0.011670324541516999,0.020087188716795316,0.08100522911640015
22:00,0.9641336903404176,0.0,1.071796769724493,0.0,0.10270058750196075,0.2621343127878136,0,0.0,0.05423843285146577,0.0,0,0.0,0.10127078642888619,0.0,0,0.0,0.08934968039324051,0.0,0,0.0,0.1219846193955974,0.0,0,0.022358165689699554,0.06180834685447585,0.039225676961311254,0.06925697407797457,0.08702520904421274,0.03086660733265379,0.07135575712631642,0.011581463526361361,0.01993101104718669,0.08118037210907468
22:10,0.959819286110988,0.0,1.071796769724493,0.0,0.10244990614111227,0.1596844066467013,0,0.0,0.053993134076196436,0.0,0,0.0,0.10080383817072383,0.0,0,0.0,0.08863126596691372,0.0,0,0.0,0.12116943314625775,0.0,0,0.02204921578405036,0.06165513153415505,0.039220108906166805,0.06883382704019564,0.08658678164770159,0.03083601011568395,0.07103927933508869,0.011487996839059175,0.019764374628358335,0.08129898277932432
22:20,0.9549109282838386,0.0,1.071796769724493,0.0,0.10213937398872126,0.05754503265798004,0,0.0,0.05371608018848436,0.0,0,0.0,0.10026918249393582,0.0,0,0.0,0.08785881766104436,0.0,0,0.0,0.12027068475636594,0.0,0,0.02173770066784692,0.061458304944652375,0.03918960178136824,0.0683717048376461,0.08609209659708737,0.030786904528902915,0.07068308536367632,0.011389778120019655,0.019587327712267812,0.08136028464181935
22:30,0.949400706039801,0.0,1.071796769724493,0.0,0.1017681445950205,0.0,0,0.0,0.05340395990914573,0.0,0,0.0,0.09966728951760083,0.0,0,0.0,0.0870333758302644,0.0,0,0.0,0.11928985054265318,0.0,0,0.021418268879566313,0.06121802558473606,0.03913377619800405,0.06787074416534208,0.08554117587864846,0.030718818773947772,0.07028696054229043,0.011286692768406091,0.019399957684125026,0.08136366517004986
22:40,0.9432901006204655,0.0,1.071796769724493,0.0,0.10133559134101341,0.0,0,0.0,0.0530562680404845,0.0,0,0.0,0.09899882302990078,0.0,0,0.0,0.08615612290197563,0.0,0,0.0,0.11822864770011796,0.0,0,0.021089898377436064,0.06093456721035932,0.03905233512448447,0.06733120703272341,0.08493458682454313,0.03063150598953485,0.06985082394766896,0.011178657167436686,0.01920238986225435,0.0813086760705318
22:50,0.9365842209650069,0.0,1.071796769724493,0.0,0.10084130608740485,0.0,0,0.0,0.05267325498502329,0.0,0,0.0,0.0982646358058843,0.0,0,0.0,0.08522837753423179,0.0,0,0.0,0.11708900032013912,0.0,0,0.02075269155970725,0.06060831692682096,0.03894506386330589,0.0667534781695664,0.08427311760421746,0.030524814076203312,0.06937472704183599,0.01106561781715496,0.018994786173344436,0.08119503300016684
23:00,0.9292903138637589,0.0,0.2725933896874535,0.0,0.10028509699018893,0.0,0,0.0,0.052255412225276736,0.0,0,0.0,0.09746576423334616,0.0,0,0.0,0.0842515883037511,0.0,0,0.0,0.11587302604269613,0.0,0,0.020407028283042437,0.060239772863866475,0.03881182972144686,0.06613806196136206,0.08355771436560629,0.030398658276438523,0.06885885177903486,0.010947550380672407,0.018777343711288218,0.08102261472574185
23:10,0.921417387240769,0.0,0.2725933896874535,0.0,0.09966698550414152,0.0,0,0.0,0.051803355181118525,0.0,0,0.0,0.09660342228042358,0.0,0,0.0,0.08322732696092633,0.0,0,0.0,0.11458302593009519,0.0,0,0.020053365199308778,0.05982954144752495,0.03865258137787505,0.0654855789359925,0.08278946700962393,0.030253015648860012,0.06830350819787503,0.010824458650095988,0.01855029318823478,0.08079146172867295
23:20,0.9129760885322458,0.0,0.2725933896874535,0.0,0.09898720259902963,0.0,0,0.0,0.051317797037869095,0.0,0,0.0,0.09567899484142604,0.0,0,0.0,0.08215728129039761,0.0,0,0.0,0.11322147435119949,0.0,0,0.01969219177680367,0.05937833428442871,0.03846734795314466,0.06479676182549599,0.08196960251309846,0.03008792355496502,0.06770913151812673,0.010696373438533874,0.01831389728684375,0.08050177426088295
23:30,0.9039786319262628,0.0,0.2725933896874535,0.0,0.09824618421677073,0.0,0,0.0,0.05079954092178389,0.0,0,0.0,0.09469403050010002,0.0,0,0.0,0.08104324761719948,0.0,0,0.0,0.11179100838771142,0.0,0,0.019324020063550128,0.058886964676213155,0.03825623778748967,0.06407245122850806,0.0810994789285314,0.02990347864636482,0.06707627876381722,0.010563351404725651,0.018068448923049433,0.0801539098604477
23:40,0.8944387305551719,0.0,0.2725933896874535,0.0,0.09744456600102996,0.0,0,0.0,0.050249475184589394,0.0,0,0.0,0.09365023375197043,0.0,0,0.0,0.07988712299968288,0.0,0,0.0,0.11029441673995728,0.0,0,0.01894938091473326,0.058356343783333924,0.03801943693520964,0.06331359090059381,0.0801805790816437,0.029699835741840732,0.06640562493635198,0.010425473816967408,0.017814269428904985,0.07974838033836254
